treffen_id;tandem_id;datum;treffen_durchgefuehrt
TR00612;T001;10.07.2026;ja
TR00613;T001;20.07.2026;ja
TR00614;T001;30.07.2026;ja
TR00615;T001;09.08.2026;ja
TR00616;T001;19.08.2026;ja
TR00617;T002;11.07.2026;ja
TR00618;T002;21.07.2026;ja
TR00619;T002;31.07.2026;ja
TR00620;T002;10.08.2026;ja
TR00621;T002;20.08.2026;ja
TR00622;T003;10.07.2026;ja
TR00623;T003;20.07.2026;ja
TR00624;T003;30.07.2026;ja
TR00625;T003;09.08.2026;ja
TR00626;T003;19.08.2026;ja
TR00627;T004;11.07.2026;ja
TR00628;T004;21.07.2026;ja
TR00629;T004;31.07.2026;ja
TR00630;T004;10.08.2026;ja
TR00631;T004;20.08.2026;ja
TR00632;T005;10.07.2026;ja
TR00633;T005;20.07.2026;ja
TR00634;T005;30.07.2026;ja
TR00635;T005;09.08.2026;ja
TR00636;T005;19.08.2026;ja
TR00637;T006;11.07.2026;ja
TR00638;T006;21.07.2026;ja
TR00639;T006;31.07.2026;ja
TR00640;T006;10.08.2026;ja
TR00641;T006;20.08.2026;ja
TR00642;T007;10.07.2026;ja
TR00643;T007;20.07.2026;ja
TR00644;T007;30.07.2026;ja
TR00645;T007;09.08.2026;ja
TR00646;T007;19.08.2026;ja
TR00647;T008;11.07.2026;ja
TR00648;T008;21.07.2026;ja
TR00649;T008;31.07.2026;ja
TR00650;T008;10.08.2026;ja
TR00651;T008;20.08.2026;ja
TR00652;T009;10.07.2026;ja
TR00653;T009;20.07.2026;ja
TR00654;T009;30.07.2026;ja
TR00655;T009;09.08.2026;ja
TR00656;T009;19.08.2026;ja
TR00657;T010;11.07.2026;ja
TR00658;T010;21.07.2026;ja
TR00659;T010;31.07.2026;ja
TR00660;T010;10.08.2026;ja
TR00661;T010;20.08.2026;ja
TR00662;T011;10.07.2026;ja
TR00663;T011;20.07.2026;ja
TR00664;T011;30.07.2026;ja
TR00665;T011;09.08.2026;ja
TR00666;T011;19.08.2026;ja
TR00667;T012;11.07.2026;ja
TR00668;T012;21.07.2026;ja
TR00669;T012;31.07.2026;ja
TR00670;T012;10.08.2026;ja
TR00671;T012;20.08.2026;ja
TR00672;T013;10.07.2026;ja
TR00673;T013;20.07.2026;ja
TR00674;T013;30.07.2026;ja
TR00675;T013;09.08.2026;ja
TR00676;T013;19.08.2026;ja
TR00677;T014;11.07.2026;ja
TR00678;T014;21.07.2026;ja
TR00679;T014;31.07.2026;ja
TR00680;T014;10.08.2026;ja
TR00681;T014;20.08.2026;ja
TR00682;T015;10.07.2026;ja
TR00683;T015;20.07.2026;ja
TR00684;T015;30.07.2026;ja
TR00685;T015;09.08.2026;ja
TR00686;T015;19.08.2026;ja
TR00687;T016;11.07.2026;ja
TR00688;T016;21.07.2026;ja
TR00689;T016;31.07.2026;ja
TR00690;T016;10.08.2026;ja
TR00691;T016;20.08.2026;ja
TR00692;T017;10.07.2026;ja
TR00693;T017;20.07.2026;ja
TR00694;T017;30.07.2026;ja
TR00695;T017;09.08.2026;ja
TR00696;T017;19.08.2026;ja
TR00697;T018;11.07.2026;ja
TR00698;T018;21.07.2026;ja
TR00699;T018;31.07.2026;ja
TR00700;T018;10.08.2026;ja
TR00701;T018;20.08.2026;ja
TR00702;T019;10.07.2026;ja
TR00703;T019;20.07.2026;ja
TR00704;T019;30.07.2026;ja
TR00705;T019;09.08.2026;ja
TR00706;T019;19.08.2026;ja
TR00707;T020;11.07.2026;ja
TR00708;T020;21.07.2026;ja
TR00709;T020;31.07.2026;ja
TR00710;T020;10.08.2026;ja
TR00711;T020;20.08.2026;ja
TR00712;T021;10.07.2026;ja
TR00713;T021;20.07.2026;ja
TR00714;T021;30.07.2026;ja
TR00715;T021;09.08.2026;ja
TR00716;T021;19.08.2026;ja
TR00717;T022;11.07.2026;ja
TR00718;T022;21.07.2026;ja
TR00719;T022;31.07.2026;ja
TR00720;T022;10.08.2026;ja
TR00721;T022;20.08.2026;ja
TR00722;T023;10.07.2026;ja
TR00723;T023;20.07.2026;ja
TR00724;T023;30.07.2026;ja
TR00725;T023;09.08.2026;ja
TR00726;T023;19.08.2026;ja
TR00727;T024;11.07.2026;ja
TR00728;T024;21.07.2026;ja
TR00729;T024;31.07.2026;ja
TR00730;T024;10.08.2026;ja
TR00731;T024;20.08.2026;ja
TR00732;T025;10.07.2026;ja
TR00733;T025;20.07.2026;ja
TR00734;T025;30.07.2026;ja
TR00735;T025;09.08.2026;ja
TR00736;T025;19.08.2026;ja
TR00737;T026;11.07.2026;ja
TR00738;T026;21.07.2026;ja
TR00739;T026;31.07.2026;ja
TR00740;T026;10.08.2026;ja
TR00741;T026;20.08.2026;ja
TR00742;T027;10.07.2026;ja
TR00743;T027;20.07.2026;ja
TR00744;T027;30.07.2026;ja
TR00745;T027;09.08.2026;ja
TR00746;T027;19.08.2026;ja
TR00747;T028;11.07.2026;ja
TR00748;T028;21.07.2026;ja
TR00749;T028;31.07.2026;ja
TR00750;T028;10.08.2026;ja
TR00751;T028;20.08.2026;ja
TR00752;T029;10.07.2026;ja
TR00753;T029;20.07.2026;ja
TR00754;T029;30.07.2026;ja
TR00755;T029;09.08.2026;ja
TR00756;T029;19.08.2026;ja
TR00757;T030;11.07.2026;ja
TR00758;T030;21.07.2026;ja
TR00759;T030;31.07.2026;ja
TR00760;T030;10.08.2026;ja
TR00761;T030;20.08.2026;ja
TR00762;T031;10.07.2026;ja
TR00763;T031;20.07.2026;ja
TR00764;T031;30.07.2026;ja
TR00765;T031;09.08.2026;ja
TR00766;T031;19.08.2026;ja
TR00767;T032;11.07.2026;ja
TR00768;T032;21.07.2026;ja
TR00769;T032;31.07.2026;ja
TR00770;T032;10.08.2026;ja
TR00771;T032;20.08.2026;ja
TR00772;T033;10.07.2026;ja
TR00773;T033;20.07.2026;ja
TR00774;T033;30.07.2026;ja
TR00775;T033;09.08.2026;ja
TR00776;T033;19.08.2026;ja
TR00777;T034;11.07.2026;ja
TR00778;T034;21.07.2026;ja
TR00779;T034;31.07.2026;ja
TR00780;T034;10.08.2026;ja
TR00781;T034;20.08.2026;ja
TR00782;T035;10.07.2026;ja
TR00783;T035;20.07.2026;ja
TR00784;T035;30.07.2026;ja
TR00785;T035;09.08.2026;ja
TR00786;T035;19.08.2026;ja
TR00787;T036;11.07.2026;ja
TR00788;T036;21.07.2026;ja
TR00789;T036;31.07.2026;ja
TR00790;T036;10.08.2026;ja
TR00791;T036;20.08.2026;ja
TR00792;T037;10.07.2026;ja
TR00793;T037;20.07.2026;ja
TR00794;T037;30.07.2026;ja
TR00795;T037;09.08.2026;ja
TR00796;T037;19.08.2026;ja
TR00797;T038;11.07.2026;ja
TR00798;T038;21.07.2026;ja
TR00799;T038;31.07.2026;ja
TR00800;T038;10.08.2026;ja
TR00801;T038;20.08.2026;ja
TR00802;T039;10.07.2026;ja
TR00803;T039;20.07.2026;ja
TR00804;T039;30.07.2026;ja
TR00805;T039;09.08.2026;ja
TR00806;T039;19.08.2026;ja
TR00807;T040;11.07.2026;ja
TR00808;T040;21.07.2026;ja
TR00809;T040;31.07.2026;ja
TR00810;T040;10.08.2026;ja
TR00811;T040;20.08.2026;ja
TR00812;T041;10.07.2026;ja
TR00813;T041;20.07.2026;ja
TR00814;T041;30.07.2026;ja
TR00815;T041;09.08.2026;ja
TR00816;T041;19.08.2026;ja
TR00817;T042;11.07.2026;ja
TR00818;T042;21.07.2026;ja
TR00819;T042;31.07.2026;ja
TR00820;T042;10.08.2026;ja
TR00821;T042;20.08.2026;ja
TR00822;T043;10.07.2026;ja
TR00823;T043;20.07.2026;ja
TR00824;T043;30.07.2026;ja
TR00825;T043;09.08.2026;ja
TR00826;T043;19.08.2026;ja
TR00827;T044;11.07.2026;ja
TR00828;T044;21.07.2026;ja
TR00829;T044;31.07.2026;ja
TR00830;T044;10.08.2026;ja
TR00831;T044;20.08.2026;ja
TR00832;T045;10.07.2026;ja
TR00833;T045;20.07.2026;ja
TR00834;T045;30.07.2026;ja
TR00835;T045;09.08.2026;ja
TR00836;T045;19.08.2026;ja
TR00837;T046;11.07.2026;ja
TR00838;T046;21.07.2026;ja
TR00839;T046;31.07.2026;ja
TR00840;T046;10.08.2026;ja
TR00841;T046;20.08.2026;ja
TR00842;T047;10.07.2026;ja
TR00843;T047;20.07.2026;ja
TR00844;T047;30.07.2026;ja
TR00845;T047;09.08.2026;ja
TR00846;T047;19.08.2026;ja
TR00847;T048;11.07.2026;ja
TR00848;T048;21.07.2026;ja
TR00849;T048;31.07.2026;ja
TR00850;T048;10.08.2026;ja
TR00851;T048;20.08.2026;ja
TR00852;T049;10.07.2026;ja
TR00853;T049;20.07.2026;ja
TR00854;T049;30.07.2026;ja
TR00855;T049;09.08.2026;ja
TR00856;T049;19.08.2026;ja
TR00857;T050;11.07.2026;ja
TR00858;T050;21.07.2026;ja
TR00859;T050;31.07.2026;ja
TR00860;T050;10.08.2026;ja
TR00861;T050;20.08.2026;ja
TR00862;T051;10.07.2026;ja
TR00863;T051;20.07.2026;ja
TR00864;T051;30.07.2026;ja
TR00865;T051;09.08.2026;ja
TR00866;T051;19.08.2026;ja
TR00867;T052;11.07.2026;ja
TR00868;T052;21.07.2026;ja
TR00869;T052;31.07.2026;ja
TR00870;T052;10.08.2026;ja
TR00871;T052;20.08.2026;ja
TR00872;T053;10.07.2026;ja
TR00873;T053;20.07.2026;ja
TR00874;T053;30.07.2026;ja
TR00875;T053;09.08.2026;ja
TR00876;T053;19.08.2026;ja
TR00877;T054;11.07.2026;ja
TR00878;T054;21.07.2026;ja
TR00879;T054;31.07.2026;ja
TR00880;T054;10.08.2026;ja
TR00881;T054;20.08.2026;ja
TR00882;T055;10.07.2026;ja
TR00883;T055;20.07.2026;ja
TR00884;T055;30.07.2026;ja
TR00885;T055;09.08.2026;ja
TR00886;T055;19.08.2026;ja
TR00887;T056;11.07.2026;ja
TR00888;T056;21.07.2026;ja
TR00889;T056;31.07.2026;ja
TR00890;T056;10.08.2026;ja
TR00891;T056;20.08.2026;ja
TR00892;T057;10.07.2026;ja
TR00893;T057;20.07.2026;ja
TR00894;T057;30.07.2026;ja
TR00895;T057;09.08.2026;ja
TR00896;T057;19.08.2026;ja
TR00897;T058;11.07.2026;ja
TR00898;T058;21.07.2026;ja
TR00899;T058;31.07.2026;ja
TR00900;T058;10.08.2026;ja
TR00901;T058;20.08.2026;ja
TR00902;T059;10.07.2026;ja
TR00903;T059;20.07.2026;ja
TR00904;T059;30.07.2026;ja
TR00905;T059;09.08.2026;ja
TR00906;T059;19.08.2026;ja
TR00907;T060;11.07.2026;ja
TR00908;T060;21.07.2026;ja
TR00909;T060;31.07.2026;ja
TR00910;T060;10.08.2026;ja
TR00911;T060;20.08.2026;ja
TR00912;T061;10.07.2026;ja
TR00913;T061;20.07.2026;ja
TR00914;T061;30.07.2026;ja
TR00915;T061;09.08.2026;ja
TR00916;T061;19.08.2026;ja
TR00917;T062;11.07.2026;ja
TR00918;T062;21.07.2026;ja
TR00919;T062;31.07.2026;ja
TR00920;T062;10.08.2026;ja
TR00921;T062;20.08.2026;ja
TR00922;T063;10.07.2026;ja
TR00923;T063;20.07.2026;ja
TR00924;T063;30.07.2026;ja
TR00925;T063;09.08.2026;ja
TR00926;T063;19.08.2026;ja
TR00927;T064;11.07.2026;ja
TR00928;T064;21.07.2026;ja
TR00929;T064;31.07.2026;ja
TR00930;T064;10.08.2026;ja
TR00931;T064;20.08.2026;ja
TR00932;T065;10.07.2026;ja
TR00933;T065;20.07.2026;ja
TR00934;T065;30.07.2026;ja
TR00935;T065;09.08.2026;ja
TR00936;T065;19.08.2026;ja
TR00937;T066;11.07.2026;ja
TR00938;T066;21.07.2026;ja
TR00939;T066;31.07.2026;ja
TR00940;T066;10.08.2026;ja
TR00941;T066;20.08.2026;ja
TR00942;T067;10.07.2026;ja
TR00943;T067;20.07.2026;ja
TR00944;T067;30.07.2026;ja
TR00945;T067;09.08.2026;ja
TR00946;T067;19.08.2026;ja
TR00947;T068;11.07.2026;ja
TR00948;T068;21.07.2026;ja
TR00949;T068;31.07.2026;ja
TR00950;T068;10.08.2026;ja
TR00951;T068;20.08.2026;ja
TR00952;T069;10.07.2026;ja
TR00953;T069;20.07.2026;ja
TR00954;T069;30.07.2026;ja
TR00955;T069;09.08.2026;ja
TR00956;T069;19.08.2026;ja
TR00957;T070;11.07.2026;ja
TR00958;T070;21.07.2026;ja
TR00959;T070;31.07.2026;ja
TR00960;T070;10.08.2026;ja
TR00961;T070;20.08.2026;ja
TR00962;T071;10.07.2026;ja
TR00963;T071;20.07.2026;ja
TR00964;T071;30.07.2026;ja
TR00965;T071;09.08.2026;ja
TR00966;T071;19.08.2026;ja
TR00967;T072;11.07.2026;ja
TR00968;T072;21.07.2026;ja
TR00969;T072;31.07.2026;ja
TR00970;T072;10.08.2026;ja
TR00971;T072;20.08.2026;ja
TR00972;T073;10.07.2026;ja
TR00973;T073;20.07.2026;ja
TR00974;T073;30.07.2026;ja
TR00975;T073;09.08.2026;ja
TR00976;T073;19.08.2026;ja
TR00977;T074;11.07.2026;ja
TR00978;T074;21.07.2026;ja
TR00979;T074;31.07.2026;ja
TR00980;T074;10.08.2026;ja
TR00981;T074;20.08.2026;ja
TR00982;T075;10.07.2026;ja
TR00983;T075;20.07.2026;ja
TR00984;T075;30.07.2026;ja
TR00985;T075;09.08.2026;ja
TR00986;T075;19.08.2026;ja
TR00987;T076;11.07.2026;ja
TR00988;T076;21.07.2026;ja
TR00989;T076;31.07.2026;ja
TR00990;T076;10.08.2026;ja
TR00991;T076;20.08.2026;ja
TR00992;T077;10.07.2026;ja
TR00993;T077;20.07.2026;ja
TR00994;T077;30.07.2026;ja
TR00995;T077;09.08.2026;ja
TR00996;T077;19.08.2026;ja
TR00997;T078;11.07.2026;ja
TR00998;T078;21.07.2026;ja
TR00999;T078;31.07.2026;ja
TR01000;T078;10.08.2026;ja
TR01001;T078;20.08.2026;ja
TR01002;T079;10.07.2026;ja
TR01003;T079;20.07.2026;ja
TR01004;T079;30.07.2026;ja
TR01005;T079;09.08.2026;ja
TR01006;T079;19.08.2026;ja
TR01007;T080;11.07.2026;ja
TR01008;T080;21.07.2026;ja
TR01009;T080;31.07.2026;ja
TR01010;T080;10.08.2026;ja
TR01011;T080;20.08.2026;ja
TR01012;T081;10.07.2026;ja
TR01013;T081;20.07.2026;ja
TR01014;T081;30.07.2026;ja
TR01015;T081;09.08.2026;ja
TR01016;T081;19.08.2026;ja
TR01017;T082;11.07.2026;ja
TR01018;T082;21.07.2026;ja
TR01019;T082;31.07.2026;ja
TR01020;T082;10.08.2026;ja
TR01021;T082;20.08.2026;ja
TR01022;T083;10.07.2026;ja
TR01023;T083;20.07.2026;ja
TR01024;T083;30.07.2026;ja
TR01025;T083;09.08.2026;ja
TR01026;T083;19.08.2026;ja
TR01027;T084;11.07.2026;ja
TR01028;T084;21.07.2026;ja
TR01029;T084;31.07.2026;ja
TR01030;T084;10.08.2026;ja
TR01031;T084;20.08.2026;ja
TR01032;T085;10.07.2026;ja
TR01033;T085;20.07.2026;ja
TR01034;T085;30.07.2026;ja
TR01035;T085;09.08.2026;ja
TR01036;T085;19.08.2026;ja
TR01037;T086;11.07.2026;ja
TR01038;T086;21.07.2026;ja
TR01039;T086;31.07.2026;ja
TR01040;T086;10.08.2026;ja
TR01041;T086;20.08.2026;ja
TR01042;T087;10.07.2026;ja
TR01043;T087;20.07.2026;ja
TR01044;T087;30.07.2026;ja
TR01045;T087;09.08.2026;ja
TR01046;T087;19.08.2026;ja
TR01047;T088;11.07.2026;ja
TR01048;T088;21.07.2026;ja
TR01049;T088;31.07.2026;ja
TR01050;T088;10.08.2026;ja
TR01051;T088;20.08.2026;ja
TR01052;T089;10.07.2026;ja
TR01053;T089;20.07.2026;ja
TR01054;T089;30.07.2026;ja
TR01055;T089;09.08.2026;ja
TR01056;T089;19.08.2026;ja
TR01057;T090;11.07.2026;ja
TR01058;T090;21.07.2026;ja
TR01059;T090;31.07.2026;ja
TR01060;T090;10.08.2026;ja
TR01061;T090;20.08.2026;ja
TR01062;T091;10.07.2026;ja
TR01063;T091;20.07.2026;ja
TR01064;T091;30.07.2026;ja
TR01065;T091;09.08.2026;ja
TR01066;T091;19.08.2026;ja
TR01067;T092;11.07.2026;ja
TR01068;T092;21.07.2026;ja
TR01069;T092;31.07.2026;ja
TR01070;T092;10.08.2026;ja
TR01071;T092;20.08.2026;ja
TR01072;T093;10.07.2026;ja
TR01073;T093;20.07.2026;ja
TR01074;T093;30.07.2026;ja
TR01075;T093;09.08.2026;ja
TR01076;T093;19.08.2026;ja
TR01077;T094;11.07.2026;ja
TR01078;T094;21.07.2026;ja
TR01079;T094;31.07.2026;ja
TR01080;T094;10.08.2026;ja
TR01081;T094;20.08.2026;ja
TR01082;T095;10.07.2026;ja
TR01083;T095;20.07.2026;ja
TR01084;T095;30.07.2026;ja
TR01085;T095;09.08.2026;ja
TR01086;T095;19.08.2026;ja
TR01087;T096;11.07.2026;ja
TR01088;T096;21.07.2026;ja
TR01089;T096;31.07.2026;ja
TR01090;T096;10.08.2026;ja
TR01091;T096;20.08.2026;ja
TR01092;T097;10.07.2026;ja
TR01093;T097;20.07.2026;ja
TR01094;T097;30.07.2026;ja
TR01095;T097;09.08.2026;ja
TR01096;T097;19.08.2026;ja
TR01097;T098;11.07.2026;ja
TR01098;T098;21.07.2026;ja
TR01099;T098;31.07.2026;ja
TR01100;T098;10.08.2026;ja
TR01101;T098;20.08.2026;ja
TR01102;T099;10.07.2026;ja
TR01103;T099;20.07.2026;ja
TR01104;T099;30.07.2026;ja
TR01105;T099;09.08.2026;ja
TR01106;T099;19.08.2026;ja
TR01107;T100;11.07.2026;ja
TR01108;T100;21.07.2026;ja
TR01109;T100;31.07.2026;ja
TR01110;T100;10.08.2026;ja
TR01111;T100;20.08.2026;ja
TR01112;T101;10.07.2026;ja
TR01113;T101;20.07.2026;ja
TR01114;T101;30.07.2026;ja
TR01115;T101;09.08.2026;ja
TR01116;T101;19.08.2026;ja
TR01117;T102;11.07.2026;ja
TR01118;T102;21.07.2026;ja
TR01119;T102;31.07.2026;ja
TR01120;T102;10.08.2026;ja
TR01121;T102;20.08.2026;ja
TR01122;T103;10.07.2026;ja
TR01123;T103;20.07.2026;ja
TR01124;T103;30.07.2026;ja
TR01125;T103;09.08.2026;ja
TR01126;T103;19.08.2026;ja
TR01127;T104;11.07.2026;ja
TR01128;T104;21.07.2026;ja
TR01129;T104;31.07.2026;ja
TR01130;T104;10.08.2026;ja
TR01131;T104;20.08.2026;ja
TR01132;T105;10.07.2026;ja
TR01133;T105;20.07.2026;ja
TR01134;T105;30.07.2026;ja
TR01135;T105;09.08.2026;ja
TR01136;T105;19.08.2026;ja
TR01137;T106;11.07.2026;ja
TR01138;T106;21.07.2026;ja
TR01139;T106;31.07.2026;ja
TR01140;T106;10.08.2026;ja
TR01141;T106;20.08.2026;ja
TR01142;T107;10.07.2026;ja
TR01143;T107;20.07.2026;ja
TR01144;T107;30.07.2026;ja
TR01145;T107;09.08.2026;ja
TR01146;T107;19.08.2026;ja
TR01147;T108;11.07.2026;ja
TR01148;T108;21.07.2026;ja
TR01149;T108;31.07.2026;ja
TR01150;T108;10.08.2026;ja
TR01151;T108;20.08.2026;ja
TR01152;T109;10.07.2026;ja
TR01153;T109;20.07.2026;ja
TR01154;T109;30.07.2026;ja
TR01155;T109;09.08.2026;ja
TR01156;T109;19.08.2026;ja
TR01157;T110;11.07.2026;ja
TR01158;T110;21.07.2026;ja
TR01159;T110;31.07.2026;ja
TR01160;T110;10.08.2026;ja
TR01161;T110;20.08.2026;ja
TR01162;T111;10.07.2026;ja
TR01163;T111;20.07.2026;ja
TR01164;T111;30.07.2026;ja
TR01165;T111;09.08.2026;ja
TR01166;T111;19.08.2026;ja
TR01167;T112;11.07.2026;ja
TR01168;T112;21.07.2026;ja
TR01169;T112;31.07.2026;ja
TR01170;T112;10.08.2026;ja
TR01171;T112;20.08.2026;ja
TR01172;T113;10.07.2026;ja
TR01173;T113;20.07.2026;ja
TR01174;T113;30.07.2026;ja
TR01175;T113;09.08.2026;ja
TR01176;T113;19.08.2026;ja
TR01177;T114;11.07.2026;ja
TR01178;T114;21.07.2026;ja
TR01179;T114;31.07.2026;ja
TR01180;T114;10.08.2026;ja
TR01181;T114;20.08.2026;ja
TR01182;T115;10.07.2026;ja
TR01183;T115;20.07.2026;ja
TR01184;T115;30.07.2026;ja
TR01185;T115;09.08.2026;ja
TR01186;T115;19.08.2026;ja
TR01187;T116;11.07.2026;ja
TR01188;T116;21.07.2026;ja
TR01189;T116;31.07.2026;ja
TR01190;T116;10.08.2026;ja
TR01191;T116;20.08.2026;ja
TR01192;T117;10.07.2026;ja
TR01193;T117;20.07.2026;ja
TR01194;T117;30.07.2026;ja
TR01195;T117;09.08.2026;ja
TR01196;T117;19.08.2026;ja
TR01197;T118;18.07.2026;ja
TR01198;T118;13.08.2026;ja
TR01199;T119;17.07.2026;ja
TR01200;T119;12.08.2026;ja
TR01201;T120;18.07.2026;ja
TR01202;T120;13.08.2026;ja
TR01203;T121;17.07.2026;ja
TR01204;T121;12.08.2026;ja
TR01205;T122;18.07.2026;ja
TR01206;T122;13.08.2026;ja
TR01207;T123;17.07.2026;ja
TR01208;T123;12.08.2026;ja
TR01209;T124;18.07.2026;ja
TR01210;T124;13.08.2026;ja
TR01211;T125;17.07.2026;ja
TR01212;T125;12.08.2026;ja
TR01213;T126;18.07.2026;ja
TR01214;T126;13.08.2026;ja
TR01215;T127;17.07.2026;ja
TR01216;T127;12.08.2026;ja
TR01217;T128;18.07.2026;ja
TR01218;T128;13.08.2026;ja
TR01219;T129;17.07.2026;ja
TR01220;T129;12.08.2026;ja
TR01221;T130;18.07.2026;ja
TR01222;T130;13.08.2026;ja
